CSVFormatID,IxLoad-1002
DoReports,1
App,IxLoad
AppVersion,8.10.0.300
RecordedOn,09/18/2017 17:14:34
AgentName,Protocol_HTTP
AgentType,Client
AgentInstanceName,N/A
Community,N/A

Elapsed Time,HTTP Simulated Users,HTTP Concurrent Connections,HTTP Connections,HTTP Connection Attempts,HTTP Connection Aborts,HTTP Old Session Aborts,HTTP Transactions,HTTP Bytes,HTTP Requests Sent,HTTP Requests Successful,HTTP Requests Successful (Provisional),HTTP Intermediate Responses Received (1xx),HTTP Requests Successful (2xx),HTTP Requests Successful (3xx),HTTP Requests Successful (301),HTTP Requests Successful (302),HTTP Requests Successful (303),HTTP Requests Successful (307),HTTP Requests Failed,HTTP Requests Failed (Write),HTTP Requests Failed (Read),HTTP Requests Failed (Bad Header),HTTP Requests Failed (4xx),HTTP Requests Failed (400),HTTP Requests Failed (401),HTTP Requests Failed (403),HTTP Requests Failed (404),HTTP Requests Failed (407),HTTP Requests Failed (408),HTTP Requests Failed (4xx other),HTTP Requests Failed (5xx),HTTP Requests Failed (505),HTTP Requests Failed (5xx other),HTTP Requests Failed (other),HTTP Requests Failed (Timeout),HTTP Requests Failed (Aborted),HTTP Session Timeouts (408),HTTP Request Precondition Failed (412),HTTP Sessions Rejected (503),HTTP Aborted Before Request,HTTP Aborted After Request,HTTP Transactions Active,HTTP Users Active,Content-Encoded Responses Received,Gzip Content-Encoding Received,Deflate Content-Encoding Received,Unrecognized Content-Encoding Received,Content-Encoded Responses Decode Successful,Gzip Content-Encoding Decode Successful,Deflate Content-Encoding Decode Successful,Content-Encoded Responses Decode Failed,Gzip Content-Encoding Decode Failed,Deflate Content-Encoding Decode Failed,Gzip Content-Encoding Decode Failed - Data Error,Gzip Content-Encoding Decode Failed - Decoding Error,Deflate Content-Encoding Decode Failed - Data Error,Deflate Content-Encoding Decode Failed - Decoding Error,Chunked Transfer-Encoded Headers Received,Chunked Transfer-Encoding Decode Successful,Chunked Transfer-Encoding Decode Failed,Total Chunks Received,Total Chunks Received/s,Chunked Transfer-Encoding Headers Sent,Total Chunks Sent,Total Chunks Sent/s,Content-MD5 Responses Received,Content-MD5 Check Successful,Content-MD5 Check Failed,Custom-MD5 Responses Received,Custom-MD5 Check Successful,Custom-MD5 Check Failed,HTTP Bytes Sent,HTTP Bytes Received,HTTP Content Bytes Sent,HTTP Content Bytes Received,HTTP Decompressed Content Bytes Received,HTTP Cookies Received,HTTP Cookies Sent,HTTP Cookies Rejected,HTTP Cookies Rejected - (Path Match Failed),HTTP Cookies Rejected - (Domain Match Failed),HTTP Cookies Rejected - (Cookiejar Overflow),HTTP Cookies Rejected - (Probabilistic Reject),HTTP Cookie headers Rejected - (Memory Overflow),HTTP Connect Time (us),HTTP Time To First Byte (us),HTTP Time To Last Byte (us),HTTP Old Session Abort Delay - Average (us),HTTP Old Session Abort Delay - Minimum (us),HTTP Old Session Abort Delay - Maximum (us),HTTP Connection Rate,HTTP Connection Attempt Rate,HTTP Connection Abort Rate,HTTP Old Session Abort Rate,HTTP Transaction Rate,HTTP Total Throughput (Kbps),HTTP Requests Sent/s,HTTP Requests Successful/s,HTTP Requests Successful (Provisional)/s,HTTP Intermediate Responses Received (1xx)/s,HTTP Requests Successful (2xx)/s,HTTP Requests Successful (3xx)/s,HTTP Requests Failed/s,HTTP Requests Failed (4xx)/s,HTTP Requests Failed (5xx)/s,HTTP Requests Failed (other)/s,HTTP Requests Failed (Timeout)/s,HTTP Aborted Before Request/s,HTTP Aborted After Request/s,HTTP Requests Failed (401)/s,HTTP Throughput Transmitted (Kbps),HTTP Throughput Received (Kbps),HTTP Content Throughput Transmitted (Kbps),HTTP Content Throughput Received (Kbps),HTTP Decompressed Content Bytes Received/s,HTTP Cookies Received/s,HTTP Cookies Transmitted/s,HTTP Cookies Rejected/s,HTTP Cookies Rejected - (Path Match Failed)/s,HTTP Cookies Rejected - (Domain Match Failed)/s,HTTP Cookies Rejected - (Cookiejar Overflow)/s,HTTP Cookies Rejected - (Probabilistic Reject)/s,HTTP Cookie headers Rejected - (Memory Overflow)/s,HTTP Client Total Data Integrity Check Failed,HTTP Client Total Data Integrity Check Succeeded,HTTP Client HTTP2.0 Data Frames Received,HTTP Client HTTP2.0 Header Frames Received,HTTP Client HTTP2.0 Priority Frames Received,HTTP Client HTTP2.0 Reset Stream Frames Received,HTTP Client HTTP2.0 Settings Frames Received,HTTP Client HTTP2.0 Push Promise Frames Received,HTTP Client HTTP2.0 Ping Frames Received,HTTP Client HTTP2.0 Go Away Frames Received,HTTP Client HTTP2.0 Window Update Frames Received,HTTP Client HTTP2.0 Continuation Frames Received,HTTP Client HTTP2.0 Data Frames Sent,HTTP Client HTTP2.0 Header Frames Sent,HTTP Client HTTP2.0 Priority Frames Sent,HTTP Client HTTP2.0 Reset Stream Frames Sent,HTTP Client HTTP2.0 Settings Frames Sent,HTTP Client HTTP2.0 Push Promise Frames Sent,HTTP Client HTTP2.0 Ping Frames Sent,HTTP Client HTTP2.0 Go Away Frames Sent,HTTP Client HTTP2.0 Window Update Frames Sent,HTTP Client HTTP2.0 Continuation Frames Sent,HTTP Client HTTP2.0 Streams Initiated by Client,HTTP Client HTTP2.0 Streams Initiated by Server,HTTP Client HTTP2.0 Streams Succeeded (Client to Server),HTTP Client HTTP2.0 Streams Succeeded (Server to Client),HTTP Client HTTP2.0 Streams Failed (Client to Server),HTTP Client HTTP2.0 Streams Failed (Server to Client),HTTP Client HTTP2.0 Connection Upgrade Succeeded,HTTP Client HTTP2.0 Connection Upgrade Failed,HTTP Client HTTP2.0 Protocol Error,HTTP Client HTTP2.0 Internal Error,HTTP Client HTTP2.0 Flow Control Error,HTTP Client HTTP2.0 Settings Timeout Error,HTTP Client HTTP2.0 Stream Closed Error,HTTP Client HTTP2.0 Frame Size Error,HTTP Client HTTP2.0 Refused Stream Error,HTTP Client HTTP2.0 Stream Cancelled Error,HTTP Client HTTP2.0 Compression Error,HTTP Client HTTP2.0 Connect Error,HTTP Client HTTP2.0 Enhance Calm Error,HTTP Client HTTP2.0 Inadequate Security Error,HTTP Client HTTP2.0 HTTP1_1 Required Error,SSL Alerts Received,SSL Alerts Sent,SSL Alerts Received (close_notify),SSL Alerts Sent (close_notify),SSL Alerts Received (unexpected_message),SSL Alerts Sent (unexpected_message),SSL Alerts Received (bad_record_mac),SSL Alerts Sent (bad_record_mac),SSL Alerts Received (decryption_failed),SSL Alerts Sent (decryption_failed),SSL Alerts Received (record_overflow),SSL Alerts Sent (record_overflow),SSL Alerts Received (decompression_failure),SSL Alerts Sent (decompression_failure),SSL Alerts Received (handshake_failure),SSL Alerts Sent (handshake_failure),SSL Alerts Received (no_certificate),SSL Alerts Sent (no_certificate),SSL Alerts Received (bad_certificate),SSL Alerts Sent (bad_certificate),SSL Alerts Received (unsupported_certificate),SSL Alerts Sent (unsupported_certificate),SSL Alerts Received (certificate_revoked),SSL Alerts Sent (certificate_revoked),SSL Alerts Received (certificate_expired),SSL Alerts Sent (certificate_expired),SSL Alerts Received (certificate_unknown),SSL Alerts Sent (certificate_unknown),SSL Alerts Received (illegal_parameter),SSL Alerts Sent (illegal_parameter),SSL Alerts Received (unknown_ca),SSL Alerts Sent (unknown_ca),SSL Alerts Received (access_denied),SSL Alerts Sent (access_denied),SSL Alerts Received (decode_error),SSL Alerts Sent (decode_error),SSL Alerts Received (decrypt_error),SSL Alerts Sent (decrypt_error),SSL Alerts Received (export_restriction),SSL Alerts Sent (export_restriction),SSL Alerts Received (protocol_version),SSL Alerts Sent (protocol_version),SSL Alerts Received (insufficient_security),SSL Alerts Sent (insufficient_security),SSL Alerts Received (internal_error),SSL Alerts Sent (internal_error),SSL Alerts Received (user_canceled),SSL Alerts Sent (user_canceled),SSL Alerts Received (no_renegotiation),SSL Alerts Sent (no_renegotiation),SSL Errors Received (undefined error),SSL Errors Sent (undefined error),SSL Errors Received (no cipher),SSL Errors Sent (no cipher),SSL Errors Received (no certificate),SSL Errors Sent (no certificate),SSL Errors Received (bad certificate),SSL Errors Sent (bad certificate),SSL Errors Received (unsupported certificate),SSL Errors Sent (unsupported certificate),SSL Errors Received,SSL Errors Sent,Client Hello Sent,Client Hello Received,Server Hello Sent,Server Hello Received,Hello Requests Sent,Hello Requests Received,SSL Session Reuse Success,SSL Session Reuse Failed,SSL Concurrent Sessions,SSL Bytes Sent,SSL Bytes Received,SSL Throughput Bytes,SSL Application Data Bytes,SSL Certificate Validation Failure,SSL Certificate Self Signed,SSL Certificate CA Signed,SSL Alerts Received (unrecognized name),SSL SNI extension sent successfully,SSL SNI extension mismatch,SSL session ticket reuse success,SSL session ticket reuse failure,SSL Negotiation Finished Successfully,SSL Alerts Sent/s,SSL Alerts Received/s,SSL Alerts Received (close_notify)/s,SSL Alerts Sent (close_notify)/s,SSL Alerts Received (unexpected_message)/s,SSL Alerts Sent (unexpected_message)/s,SSL Alerts Received (bad_record_mac)/s,SSL Alerts Sent (bad_record_mac)/s,SSL Alerts Received (decryption_failed)/s,SSL Alerts Sent (decryption_failed)/s,SSL Alerts Received (record_overflow)/s,SSL Alerts Sent (record_overflow)/s,SSL Alerts Received (decompression_failure)/s,SSL Alerts Sent (decompression_failure)/s,SSL Alerts Received (handshake_failure)/s,SSL Alerts Sent (handshake_failure)/s,SSL Alerts Received (no_certificate)/s,SSL Alerts Sent (no_certificate)/s,SSL Alerts Received (bad_certificate)/s,SSL Alerts Sent (bad_certificate)/s,SSL Alerts Received (unsupported_certificate)/s,SSL Alerts Sent (unsupported_certificate)/s,SSL Alerts Received (certificate_revoked)/s,SSL Alerts Sent (certificate_revoked)/s,SSL Alerts Received (certificate_expired)/s,SSL Alerts Sent (certificate_expired)/s,SSL Alerts Received (certificate_unknown)/s,SSL Alerts Sent (certificate_unknown)/s,SSL Alerts Received (illegal_parameter)/s,SSL Alerts Sent (illegal_parameter)/s,SSL Alerts Received (unknown_ca)/s,SSL Alerts Sent (unknown_ca)/s,SSL Alerts Received (access_denied)/s,SSL Alerts Sent (access_denied)/s,SSL Alerts Received (decode_error)/s,SSL Alerts Sent (decode_error)/s,SSL Alerts Received (decrypt_error)/s,SSL Alerts Sent (decrypt_error)/s,SSL Alerts Received (export_restriction)/s,SSL Alerts Sent (export_restriction)/s,SSL Alerts Received (protocol_version)/s,SSL Alerts Sent (protocol_version)/s,SSL Alerts Received (insufficient_security)/s,SSL Alerts Sent (insufficient_security)/s,SSL Alerts Received (internal_error)/s,SSL Alerts Sent (internal_error)/s,SSL Alerts Received (user_canceled)/s,SSL Alerts Sent (user_canceled)/s,SSL Alerts Received (no_renegotiation)/s,SSL Alerts Sent (no_renegotiation)/s,SSL Errors Received (undefined error)/s,SSL Errors Sent (undefined error)/s,SSL Errors Received (no cipher)/s,SSL Errors Sent (no cipher)/s,SSL Errors Received (no certificate)/s,SSL Errors Sent (no certificate)/s,SSL Errors Received (bad certificate)/s,SSL Errors Sent (bad certificate)/s,SSL Errors Received (unsupported certificate)/s,SSL Errors Sent (unsupported certificate)/s,SSL Errors Received/s,SSL Errors Sent/s,Client Hello Sent/s,Client Hello Received/s,Server Hello Sent/s,Server Hello Received/s,Hello Requests Sent/s,Hello Requests Received/s,SSL Session Reuse Success/s,SSL Session Reuse Failed/s,SSL Application Data Bytes/s,SSL Tx Throughput (Kbps),SSL Rx Throughput (Kbps),SSL Throughput (Kbps),SSL Negotiation Finished Successfully/s,TCP SYN Sent/s,TCP SYN_SYN-ACK Received/s,TCP SYN Failed/s,TCP SYN-ACK Sent/s,TCP Connection Requests Failed/s,TCP Connections Established/s,TCP FIN Sent/s,TCP FIN Received/s,TCP FIN-ACK Sent/s,TCP FIN-ACK Received/s,TCP Resets Sent/s,TCP Resets Received/s,TCP Retries/s,TCP Timeouts/s,TCP SYN Sent,TCP SYN_SYN-ACK Received,TCP SYN Failed,TCP SYN-ACK Sent,TCP Connection Requests Failed,TCP Connections Established,TCP FIN Sent,TCP FIN Received,TCP FIN-ACK Sent,TCP FIN-ACK Received,TCP Resets Sent,TCP Resets Received,TCP Retries,TCP Timeouts,TCP Accept Queue Entries,TCP Listen Queue Drops,TCP Connections in ESTABLISHED State,TCP Connections in SYN-SENT State,TCP Connections in SYN-RECEIVED State,TCP Connections in FIN-WAIT-1 State,TCP Connections in FIN-WAIT-2 State,TCP Connections in TIME-WAIT State,TCP Connections in CLOSE STATE,TCP Connections in CLOSE-WAIT State,TCP Connections in LAST-ACK State,TCP Connections in LISTENING State,TCP Connections in CLOSING State,TCP Internally Aborted Connections
,Raw,Interpolated,Interpolated,Interpolated,Interpolated,Interpolated,Interpolated,Interpolated,Interpolated,Interpolated,Interpolated,Interpolated,Interpolated,Interpolated,Interpolated,Interpolated,Interpolated,Interpolated,Interpolated,Interpolated,Interpolated,Interpolated,Interpolated,Interpolated,Interpolated,Interpolated,Interpolated,Interpolated,Interpolated,Interpolated,Interpolated,Interpolated,Interpolated,Interpolated,Interpolated,Interpolated,Interpolated,Interpolated,Interpolated,Interpolated,Interpolated,Interpolated,Interpolated,Interpolated,Interpolated,Interpolated,Interpolated,Interpolated,Interpolated,Interpolated,Interpolated,Interpolated,Interpolated,Interpolated,Interpolated,Interpolated,Interpolated,Interpolated,Interpolated,Interpolated,Interpolated,Interpolated Rate,Interpolated,Interpolated,Interpolated Rate,Interpolated,Interpolated,Interpolated,Interpolated,Interpolated,Interpolated,Interpolated,Interpolated,Interpolated,Interpolated,Interpolated,Interpolated,Interpolated,Interpolated,Interpolated,Interpolated,Interpolated,Interpolated,Interpolated,Interval Weighted Average,Interval Weighted Average,Interval Weighted Average,Interval Weighted Average,Interpolated,Interpolated,Interpolated Rate,Interpolated Rate,Interpolated Rate,Interpolated Rate,Interpolated Rate,Interpolated Rate,Interpolated Rate,Interpolated Rate,Interpolated Rate,Interpolated Rate,Interpolated Rate,Interpolated Rate,Interpolated Rate,Interpolated Rate,Interpolated Rate,Interpolated Rate,Interpolated Rate,Interpolated Rate,Interpolated Rate,Interpolated Rate,Interpolated Rate,Interpolated Rate,Interpolated Rate,Interpolated Rate,Interpolated Rate,Interpolated Rate,Interpolated Rate,Interpolated Rate,Interpolated Rate,Interpolated Rate,Interpolated Rate,Interpolated Rate,Interpolated Rate,Interpolated,Interpolated,Interpolated,Interpolated,Interpolated,Interpolated,Interpolated,Interpolated,Interpolated,Interpolated,Interpolated,Interpolated,Interpolated,Interpolated,Interpolated,Interpolated,Interpolated,Interpolated,Interpolated,Interpolated,Interpolated,Interpolated,Interpolated,Interpolated,Interpolated,Interpolated,Interpolated,Interpolated,Interpolated,Interpolated,Interpolated,Interpolated,Interpolated,Interpolated,Interpolated,Interpolated,Interpolated,Interpolated,Interpolated,Interpolated,Interpolated,Interpolated,Interpolated,Raw,Raw,Raw,Raw,Interpolated,Interpolated,Interpolated,Interpolated,Interpolated,Interpolated,Interpolated,Interpolated,Interpolated,Interpolated,Interpolated,Interpolated,Interpolated,Interpolated,Interpolated,Interpolated,Interpolated,Interpolated,Interpolated,Interpolated,Interpolated,Interpolated,Interpolated,Interpolated,Interpolated,Interpolated,Interpolated,Interpolated,Interpolated,Interpolated,Interpolated,Interpolated,Interpolated,Interpolated,Interpolated,Interpolated,Interpolated,Interpolated,Interpolated,Interpolated,Interpolated,Interpolated,Interpolated,Interpolated,Interpolated,Interpolated,Interpolated,Interpolated,Interpolated,Interpolated,Interpolated,Interpolated,Interpolated,Interpolated,Interpolated,Interpolated,Interpolated,Interpolated,Interpolated,Interpolated,Interpolated,Interpolated,Interpolated,Interpolated,Interpolated,Interpolated,Interpolated,Interpolated,Interpolated,Interpolated,Interpolated,Interpolated,Interpolated,Interpolated,Interpolated,Interpolated,Interpolated,Interpolated,Interpolated,Interpolated,Interpolated Rate,Interpolated Rate,Interpolated Rate,Interpolated Rate,Interpolated Rate,Interpolated Rate,Interpolated Rate,Interpolated Rate,Interpolated Rate,Interpolated Rate,Interpolated Rate,Interpolated Rate,Interpolated Rate,Interpolated Rate,Interpolated Rate,Interpolated Rate,Interpolated Rate,Interpolated Rate,Interpolated Rate,Interpolated Rate,Interpolated Rate,Interpolated Rate,Interpolated Rate,Interpolated Rate,Interpolated Rate,Interpolated Rate,Interpolated Rate,Interpolated Rate,Interpolated Rate,Interpolated Rate,Interpolated Rate,Interpolated Rate,Interpolated Rate,Interpolated Rate,Interpolated Rate,Interpolated Rate,Interpolated Rate,Interpolated Rate,Interpolated Rate,Interpolated Rate,Interpolated Rate,Interpolated Rate,Interpolated Rate,Interpolated Rate,Interpolated Rate,Interpolated Rate,Interpolated Rate,Interpolated Rate,Interpolated Rate,Interpolated Rate,Interpolated Rate,Interpolated Rate,Interpolated Rate,Interpolated Rate,Interpolated Rate,Interpolated Rate,Interpolated Rate,Interpolated Rate,Interpolated Rate,Interpolated Rate,Interpolated Rate,Interpolated Rate,Interpolated Rate,Interpolated Rate,Interpolated Rate,Interpolated Rate,Interpolated Rate,Interpolated Rate,Interpolated Rate,Interpolated Rate,Interpolated Rate,Interpolated Rate,Interpolated Rate,Interpolated Rate,Interpolated Rate,Interpolated Rate,Interpolated Rate,Interpolated Rate,Interpolated Rate,Interpolated Rate,Interpolated Rate,Interpolated Rate,Interpolated Rate,Interpolated Rate,Interpolated Rate,Interpolated Rate,Interpolated Rate,Interpolated Rate,Interpolated Rate,Interpolated,Interpolated,Interpolated,Interpolated,Interpolated,Interpolated,Interpolated,Interpolated,Interpolated,Interpolated,Interpolated,Interpolated,Interpolated,Interpolated,Interpolated,Interpolated,Raw,Raw,Raw,Raw,Raw,Raw,Raw,Raw,Raw,Raw,Raw,Interpolated
ET,:User Count,:http concurrent connections,:http total connections established,:http total connections attempted,:http connecting abort,:http old session abort,:http total transactions,:http total bytes received and transmitted,:http requests sent,:http requests succeeded,:http requests succeeded provisional,:http requests succeeded 1xx,:http requests succeeded 2xx,:http requests succeeded 3xx,:http requests succeeded 301,:http requests succeeded 302,:http requests succeeded 303,:http requests succeeded 307,:http requests failed,:http requests failed (write),:http requests failed (read),:http requests failed (bad header),:http requests failed (4xx),:http requests failed (400),:http requests failed (401),:http requests failed (403),:http requests failed (404),:http requests failed (407),:http requests failed (408),:http requests failed (4xx_other),:http requests failed (5xx),:http requests failed (505),:http requests failed (5xx_other),:http requests failed (other),:http requests failed (timeout),:http requests failed (aborted),:http received 408,:http received 412,:http received 503,:http aborted before request,:http aborted after request,:http transactions active,:http users active,:content-encoded response received,:gzip content-encoding received,:deflate content-encoding received,:unrecognized content-encoding received,:content-encoded response successfuly decoded,:gzip content-decoding successful,:deflate content-decoding successful,:content-encoded response decoding failed,:gzip content-decoding failed,:deflate content-decoding failed,:gzip ce failed data-error,:gzip ce failed decoding-error,:deflate ce failed data-error,:deflate ce failed decoding-error,:http chunk encoded responses received,:http chunk encoded responses ok,:http chunk encoded responses failed,:http total chunks received,:http total chunks received,:http chunk requests sent,:http total chunks sent,:http total chunks sent,:content-md5 response received,:content-md5 check successful,:content-md5 check failed,:custom-md5 response received,:custom-md5 check successful,:custom-md5 check failed,:tcp payload bytes sent,:tcp payload bytes received,:http payload bytes sent,:http payload bytes received,:decoded content bytes,:http cookies received,:http cookies transmitted,:http cookies rejected,:http cookies rejected - path match failed,:http cookies rejected - domain match failed,:http cookies rejected - cookiejar overflow,:http cookies rejected - probabilistic reject,:http cookie headers rejected - memory overflow,:avg tcp connect time,:avg http ttfb,:avg http ttlb,:http average old session abort delay,:http minimum old session abort delay,:http maximum old session abort delay,:http total connections established,:http total connections attempted,:http connecting abort,:http old session abort,:http total transactions,:http total bytes received and transmitted,:http requests sent,:http requests succeeded,:http requests succeeded provisional,:http requests succeeded 1xx,:http requests succeeded 2xx,:http requests succeeded 3xx,:http requests failed,:http requests failed (4xx),:http requests failed (5xx),:http requests failed (other),:http requests failed (timeout),:http aborted before request,:http aborted after request,:http UnAuthorized Request (401),:tcp payload bytes sent,:tcp payload bytes received,:http payload bytes sent,:http payload bytes received,:decoded content bytes,:http cookies received,:http cookies transmitted,:http cookies rejected,:http cookies rejected - path match failed,:http cookies rejected - domain match failed,:http cookies rejected - cookiejar overflow,:http cookies rejected - probabilistic reject,:http cookie headers rejected - memory overflow,:http client data integrity check failed,:http client data integrity check succeeded,:http client http2 data frames received,:http client http2 header frames received,:http client http2 priority frames received,:http client http2 reset stream frames received,:http client http2 settings frames received,:http client http2 push promise frames received,:http client http2 ping frames received,:http client http2 go away frames received,:http client http2 window update frames received,:http client http2 continuation frames received,:http client http2 data frames sent,:http client http2 header frames sent,:http client http2 priority frames sent,:http client http2 reset stream frames sent,:http client http2 settings frames sent,:http client http2 push promise frames sent,:http client http2 ping frames sent,:http client http2 go away frames sent,:http client http2 window update frames sent,:http client http2 continuation frames sent,:http client http2 streams initiated by client,:http client http2 streams initiated by server,:http client http2 streams succeeded c2s,:http client http2 streams succeeded s2c,:http client http2 streams failed c2s,:http client http2 streams failed s2c,:http client http2 connection upgrade succeeded,:http client http2 connection upgrade failed,:http client http2 protocol error,:http client http2 internal error,:http client http2 flow control error,:http client http2 settings timeout error,:http client http2 stream closed error,:http client http2 frame size error,:http client http2 refused stream error,:http client http2 stream cancelled error,:http client http2 compression error,:http client http2 connect error,:http client http2 enhance calm error,:http client http2 inadequate security error,:http client http2 http1_1 required error,:SSL Alerts Received,:SSL Alerts Sent,:SSL Alerts Received (close_notify),:SSL Alerts Sent (close_notify),:SSL Alerts Received (unexpected_message),:SSL Alerts Sent (unexpected_message),:SSL Alerts Received (bad_record_mac),:SSL Alerts Sent (bad_record_mac),:SSL Alerts Received (decryption_failed),:SSL Alerts Sent (decryption_failed),:SSL Alerts Received (record_overflow),:SSL Alerts Sent (record_overflow),:SSL Alerts Received (decompression_failure),:SSL Alerts Sent (decompression_failure),:SSL Alerts Received (handshake_failure),:SSL Alerts Sent (handshake_failure),:SSL Alerts Received (no_certificate),:SSL Alerts Sent (no_certificate),:SSL Alerts Received (bad_certificate),:SSL Alerts Sent (bad_certificate),:SSL Alerts Received (unsupported_certificate),:SSL Alerts Sent (unsupported_certificate),:SSL Alerts Received (certificate_revoked),:SSL Alerts Sent (certificate_revoked),:SSL Alerts Received (certificate_expired),:SSL Alerts Sent (certificate_expired),:SSL Alerts Received (certificate_unknown),:SSL Alerts Sent (certificate_unknown),:SSL Alerts Received (illegal_parameter),:SSL Alerts Sent (illegal_parameter),:SSL Alerts Received (unknown_ca),:SSL Alerts Sent (unknown_ca),:SSL Alerts Received (access_denied),:SSL Alerts Sent (access_denied),:SSL Alerts Received (decode_error),:SSL Alerts Sent (decode_error),:SSL Alerts Received (decrypt_error),:SSL Alerts Sent (decrypt_error),:SSL Alerts Received (export_restriction),:SSL Alerts Sent (export_restriction),:SSL Alerts Received (protocol_version),:SSL Alerts Sent (protocol_version),:SSL Alerts Received (insufficient_security),:SSL Alerts Sent (insufficient_security),:SSL Alerts Received (internal_error),:SSL Alerts Sent (internal_error),:SSL Alerts Received (user_canceled),:SSL Alerts Sent (user_canceled),:SSL Alerts Received (no_renegotiation),:SSL Alerts Sent (no_renegotiation),:SSL Errors Received (undefined_error),:SSL Errors Sent (undefined_error),:SSL Errors Received (no_cipher),:SSL Errors Sent (no_cipher),:SSL Errors Received (no_certificate),:SSL Errors Sent (no_certificate),:SSL Errors Received (bad_certificate),:SSL Errors Sent (bad_certificate),:SSL Errors Received (unsupported_certificate),:SSL Errors Sent (unsupported_certificate),:SSL Errors Received,:SSL Errors Sent,:Client Hello Sent,:Client Hello Received,:Server Hello Sent,:Server Hello Received,:Server Hello Request Sent,:Server Hello Request Received,:SSL Session Reuse Success,:SSL Session Reuse Failed,:SSL Concurrent Sessions,:SSL Bytes Sent,:SSL Bytes Received,:SSL Throughput Bytes,:SSL Application Data Bytes,:SSL Certificate Validation Failure,:SSL Certificate Self Signed,:SSL Certificate CA Signed,:SSL Alerts Received (unrecognized_name),:SSL SNI extension sent successfully,:SSL SNI extension mismatch,:SSL session ticket reuse success,:SSL session ticket reuse failure,:SSL Negotiation Finished Successfuly,:SSL Alerts Sent,:SSL Alerts Received,:SSL Alerts Received (close_notify),:SSL Alerts Sent (close_notify),:SSL Alerts Received (unexpected_message),:SSL Alerts Sent (unexpected_message),:SSL Alerts Received (bad_record_mac),:SSL Alerts Sent (bad_record_mac),:SSL Alerts Received (decryption_failed),:SSL Alerts Sent (decryption_failed),:SSL Alerts Received (record_overflow),:SSL Alerts Sent (record_overflow),:SSL Alerts Received (decompression_failure),:SSL Alerts Sent (decompression_failure),:SSL Alerts Received (handshake_failure),:SSL Alerts Sent (handshake_failure),:SSL Alerts Received (no_certificate),:SSL Alerts Sent (no_certificate),:SSL Alerts Received (bad_certificate),:SSL Alerts Sent (bad_certificate),:SSL Alerts Received (unsupported_certificate),:SSL Alerts Sent (unsupported_certificate),:SSL Alerts Received (certificate_revoked),:SSL Alerts Sent (certificate_revoked),:SSL Alerts Received (certificate_expired),:SSL Alerts Sent (certificate_expired),:SSL Alerts Received (certificate_unknown),:SSL Alerts Sent (certificate_unknown),:SSL Alerts Received (illegal_parameter),:SSL Alerts Sent (illegal_parameter),:SSL Alerts Received (unknown_ca),:SSL Alerts Sent (unknown_ca),:SSL Alerts Received (access_denied),:SSL Alerts Sent (access_denied),:SSL Alerts Received (decode_error),:SSL Alerts Sent (decode_error),:SSL Alerts Received (decrypt_error),:SSL Alerts Sent (decrypt_error),:SSL Alerts Received (export_restriction),:SSL Alerts Sent (export_restriction),:SSL Alerts Received (protocol_version),:SSL Alerts Sent (protocol_version),:SSL Alerts Received (insufficient_security),:SSL Alerts Sent (insufficient_security),:SSL Alerts Received (internal_error),:SSL Alerts Sent (internal_error),:SSL Alerts Received (user_canceled),:SSL Alerts Sent (user_canceled),:SSL Alerts Received (no_renegotiation),:SSL Alerts Sent (no_renegotiation),:SSL Errors Received (undefined error),:SSL Errors Sent (undefined error),:SSL Errors Received (no_cipher),:SSL Errors Sent (no_cipher),:SSL Errors Received (no_certificate),:SSL Errors Sent (no_certificate),:SSL Errors Received (bad_certificate),:SSL Errors Sent (bad_certificate),:SSL Errors Received (unsupported_certificate),:SSL Errors Sent (unsupported_certificate),:SSL Errors Received,:SSL Errors Sent,:Client Hello Sent,:Client Hello Received,:Server Hello Sent,:Server Hello Received,:Server Hello Request Sent,:Server Hello Request Received,:SSL Session Reuse Success,:SSL Session Reuse Failed,:SSL Application Data Bytes,:SSL Bytes Sent,:SSL Bytes Received,:SSL Throughput Bytes,:SSL Negotiation Finished Successfuly,:SyncSent,:SyncRcvd,:SyncFailed,:SyncAckSent,:ConnRequestFailed,:ConnEstab,:FinSent,:FinRcvd,:FinAckSent,:FinAckRcvd,:ResetsSent,:ResetRcvd,:Retries,:Timeouts,:SyncSent,:SyncRcvd,:SyncFailed,:SyncAckSent,:ConnRequestFailed,:ConnEstab,:FinSent,:FinRcvd,:FinAckSent,:FinAckRcvd,:ResetsSent,:ResetRcvd,:Retries,:Timeouts,:connAcceptQueue,:ListenDrops,:EstabState,:SyncSentState,:SyncRcvdState,:FinWait-1State,:FinWait-2State,:TimeWaitState,:Close,:CloseWaitState,:LastAckState,:SocketsListenState,:ClosingState,:ConnAttemptFailed
0.0000,0,0,0,0,0,0,0,0,0,0,0,0,0,0,0,0,0,0,0,0,0,0,0,0,0,0,0,0,0,0,0,0,0,0,0,0,0,0,0,0,0,0,0,0,0,0,0,0,0,0,0,0,0,0,0,0,0,0,0,0,0,0,0,0,0,0,0,0,0,0,0,0,0,0,0,0,0,0,0,0,0,0,0,0,0,0,0,0,0,0,0,0,0,0,0,0,0,0,0,0,0,0,0,0,0,0,0,0,0,0,0,0,0,0,0,0,0,0,0,0,0,0,0,0,0,0,0,0,0,0,0,0,0,0,0,0,0,0,0,0,0,0,0,0,0,0,0,0,0,0,0,0,0,0,0,0,0,0,0,0,0,0,0,0,0,0,0,0,0,0,0,0,0,0,0,0,0,0,0,0,0,0,0,0,0,0,0,0,0,0,0,0,0,0,0,0,0,0,0,0,0,0,0,0,0,0,0,0,0,0,0,0,0,0,0,0,0,0,0,0,0,0,0,0,0,0,0,0,0,0,0,0,0,0,0,0,0,0,0,0,0,0,0,0,0,0,0,0,0,0,0,0,0,0,0,0,0,0,0,0,0,0,0,0,0,0,0,0,0,0,0,0,0,0,0,0,0,0,0,0,0,0,0,0,0,0,0,0,0,0,0,0,0,0,0,0,0,0,0,0,0,0,0,0,0,0,0,0,0,0,0,0,0,0,0,0,0,0,0,0,0,0,0,0,0,0,0,0,0,0,0,0,0,0,0,0,0,0,0,0,0,0,0,0,0,0,0,0,0,0,0,0,0,0,0,0,0,0,0,0,0,0,0,0,0,0,0
2.0000,1334,382,382,382,0,0,0,76335,382,0,0,0,0,0,0,0,0,0,0,0,0,0,0,0,0,0,0,0,0,0,0,0,0,0,0,0,0,0,0,0,0,382,0,0,0,0,0,0,0,0,0,0,0,0,0,0,0,0,0,0,0,0,0,0,0,0,0,0,0,0,0,76335,0,0,0,0,0,0,0,0,0,0,0,0,16161,0,0,0,0,0,191,191,0,0,0,305,191,0,0,0,0,0,0,0,0,0,0,0,0,0,305,0,0,0,0,0,0,0,0,0,0,0,0,0,0,0,0,0,0,0,0,0,0,0,0,0,0,0,0,0,0,0,0,0,0,0,0,0,0,0,0,0,0,0,0,0,0,0,0,0,0,0,0,0,0,0,0,0,0,0,0,0,0,0,0,0,0,0,0,0,0,0,0,0,0,0,0,0,0,0,0,0,0,0,0,0,0,0,0,0,0,0,0,0,0,0,0,0,0,0,0,0,0,0,0,0,0,0,0,0,0,0,0,0,0,0,0,0,0,0,0,0,0,0,0,0,0,0,0,0,0,0,0,0,0,0,0,0,0,0,0,0,0,0,0,0,0,0,0,0,0,0,0,0,0,0,0,0,0,0,0,0,0,0,0,0,0,0,0,0,0,0,0,0,0,0,0,0,0,0,0,0,0,0,0,0,0,0,0,0,0,0,0,0,0,0,0,0,0,0,0,0,0,0,0,0,0,0,0,0,0,0,0,0,0,192,192,0,0,0,192,0,0,0,0,0,0,0,0,384,384,0,0,0,384,0,0,0,0,0,0,0,0,0,0,512,0,0,0,0,0,0,0,0,0,0,0
4.0000,4002,512,512,512,0,0,0,102400,512,0,0,0,0,0,0,0,0,0,0,0,0,0,0,0,0,0,0,0,0,0,0,0,0,0,0,0,0,0,0,0,0,512,0,0,0,0,0,0,0,0,0,0,0,0,0,0,0,0,0,0,0,0,0,0,0,0,0,0,0,0,0,102400,0,0,0,0,0,0,0,0,0,0,0,0,16161,0,0,0,0,0,65,65,0,0,0,104,65,0,0,0,0,0,0,0,0,0,0,0,0,0,104,0,0,0,0,0,0,0,0,0,0,0,0,0,0,0,0,0,0,0,0,0,0,0,0,0,0,0,0,0,0,0,0,0,0,0,0,0,0,0,0,0,0,0,0,0,0,0,0,0,0,0,0,0,0,0,0,0,0,0,0,0,0,0,0,0,0,0,0,0,0,0,0,0,0,0,0,0,0,0,0,0,0,0,0,0,0,0,0,0,0,0,0,0,0,0,0,0,0,0,0,0,0,0,0,0,0,0,0,0,0,0,0,0,0,0,0,0,0,0,0,0,0,0,0,0,0,0,0,0,0,0,0,0,0,0,0,0,0,0,0,0,0,0,0,0,0,0,0,0,0,0,0,0,0,0,0,0,0,0,0,0,0,0,0,0,0,0,0,0,0,0,0,0,0,0,0,0,0,0,0,0,0,0,0,0,0,0,0,0,0,0,0,0,0,0,0,0,0,0,0,0,0,0,0,0,0,0,0,0,0,0,0,0,0,64,64,0,0,0,64,0,0,0,0,0,0,140,0,512,512,0,0,0,512,0,0,0,0,0,0,280,0,0,0,512,0,0,0,0,0,0,0,0,0,0,0
6.0000,6670,368,558,703,0,0,0,111669,558,0,0,0,0,0,0,0,0,0,191,0,0,0,0,0,0,0,0,0,0,0,0,0,0,0,0,191,0,0,0,0,0,368,0,0,0,0,0,0,0,0,0,0,0,0,0,0,0,0,0,0,0,0,0,0,0,0,0,0,0,0,0,111669,0,0,0,0,0,0,0,0,0,0,0,0,44093,0,0,0,0,0,23,96,0,0,0,37,23,0,0,0,0,0,96,0,0,0,0,0,0,0,37,0,0,0,0,0,0,0,0,0,0,0,0,0,0,0,0,0,0,0,0,0,0,0,0,0,0,0,0,0,0,0,0,0,0,0,0,0,0,0,0,0,0,0,0,0,0,0,0,0,0,0,0,0,0,0,0,0,0,0,0,0,0,0,0,0,0,0,0,0,0,0,0,0,0,0,0,0,0,0,0,0,0,0,0,0,0,0,0,0,0,0,0,0,0,0,0,0,0,0,0,0,0,0,0,0,0,0,0,0,0,0,0,0,0,0,0,0,0,0,0,0,0,0,0,0,0,0,0,0,0,0,0,0,0,0,0,0,0,0,0,0,0,0,0,0,0,0,0,0,0,0,0,0,0,0,0,0,0,0,0,0,0,0,0,0,0,0,0,0,0,0,0,0,0,0,0,0,0,0,0,0,0,0,0,0,0,0,0,0,0,0,0,0,0,0,0,0,0,0,0,0,0,0,0,0,0,0,0,0,0,0,0,0,0,191,24,0,0,0,24,0,0,0,0,0,96,282,0,894,559,0,0,0,559,0,0,0,0,0,192,844,0,0,0,319,193,0,0,0,0,255,0,0,0,0,0
8.0000,9336,385,640,767,0,0,0,127956,640,0,0,0,0,0,0,0,0,0,255,0,0,0,0,0,0,0,0,0,0,0,0,0,0,0,0,255,0,0,0,0,0,385,0,0,0,0,0,0,0,0,0,0,0,0,0,0,0,0,0,0,0,0,0,0,0,0,0,0,0,0,0,127956,0,0,0,0,0,0,0,0,0,0,0,0,225438,0,0,0,0,0,41,32,0,0,0,65,41,0,0,0,0,0,32,0,0,0,0,0,0,0,65,0,0,0,0,0,0,0,0,0,0,0,0,0,0,0,0,0,0,0,0,0,0,0,0,0,0,0,0,0,0,0,0,0,0,0,0,0,0,0,0,0,0,0,0,0,0,0,0,0,0,0,0,0,0,0,0,0,0,0,0,0,0,0,0,0,0,0,0,0,0,0,0,0,0,0,0,0,0,0,0,0,0,0,0,0,0,0,0,0,0,0,0,0,0,0,0,0,0,0,0,0,0,0,0,0,0,0,0,0,0,0,0,0,0,0,0,0,0,0,0,0,0,0,0,0,0,0,0,0,0,0,0,0,0,0,0,0,0,0,0,0,0,0,0,0,0,0,0,0,0,0,0,0,0,0,0,0,0,0,0,0,0,0,0,0,0,0,0,0,0,0,0,0,0,0,0,0,0,0,0,0,0,0,0,0,0,0,0,0,0,0,0,0,0,0,0,0,0,0,0,0,0,0,0,0,0,0,0,0,0,0,0,0,0,136,41,0,0,0,41,0,0,0,0,0,32,168,0,1165,640,0,0,0,640,0,0,0,0,0,255,1179,0,0,0,407,105,0,0,0,0,255,0,0,0,0,0
10.0000,12002,407,737,842,0,0,0,147357,737,0,0,0,0,0,0,0,0,0,330,0,0,0,0,0,0,0,0,0,0,0,0,0,0,0,0,330,0,0,0,0,0,407,0,0,0,0,0,0,0,0,0,0,0,0,0,0,0,0,0,0,0,0,0,0,0,0,0,0,0,0,0,147357,0,0,0,0,0,0,0,0,0,0,0,0,451272,0,0,0,0,0,49,38,0,0,0,77,49,0,0,0,0,0,38,0,0,0,0,0,0,0,77,0,0,0,0,0,0,0,0,0,0,0,0,0,0,0,0,0,0,0,0,0,0,0,0,0,0,0,0,0,0,0,0,0,0,0,0,0,0,0,0,0,0,0,0,0,0,0,0,0,0,0,0,0,0,0,0,0,0,0,0,0,0,0,0,0,0,0,0,0,0,0,0,0,0,0,0,0,0,0,0,0,0,0,0,0,0,0,0,0,0,0,0,0,0,0,0,0,0,0,0,0,0,0,0,0,0,0,0,0,0,0,0,0,0,0,0,0,0,0,0,0,0,0,0,0,0,0,0,0,0,0,0,0,0,0,0,0,0,0,0,0,0,0,0,0,0,0,0,0,0,0,0,0,0,0,0,0,0,0,0,0,0,0,0,0,0,0,0,0,0,0,0,0,0,0,0,0,0,0,0,0,0,0,0,0,0,0,0,0,0,0,0,0,0,0,0,0,0,0,0,0,0,0,0,0,0,0,0,0,0,0,0,0,0,62,49,0,0,0,49,0,0,0,0,38,0,45,38,1288,737,0,0,0,737,0,0,0,0,75,255,1268,75,0,0,407,105,0,0,0,0,355,0,0,0,0,0
12.0000,14668,486,841,867,0,0,0,168100,841,0,0,0,0,0,0,0,0,0,355,0,0,0,0,0,0,0,0,0,0,0,0,0,0,0,0,355,0,0,0,0,0,486,0,0,0,0,0,0,0,0,0,0,0,0,0,0,0,0,0,0,0,0,0,0,0,0,0,0,0,0,0,168100,0,0,0,0,0,0,0,0,0,0,0,0,655140,0,0,0,0,0,52,13,0,0,0,82,52,0,0,0,0,0,13,0,0,0,0,0,0,0,82,0,0,0,0,0,0,0,0,0,0,0,0,0,0,0,0,0,0,0,0,0,0,0,0,0,0,0,0,0,0,0,0,0,0,0,0,0,0,0,0,0,0,0,0,0,0,0,0,0,0,0,0,0,0,0,0,0,0,0,0,0,0,0,0,0,0,0,0,0,0,0,0,0,0,0,0,0,0,0,0,0,0,0,0,0,0,0,0,0,0,0,0,0,0,0,0,0,0,0,0,0,0,0,0,0,0,0,0,0,0,0,0,0,0,0,0,0,0,0,0,0,0,0,0,0,0,0,0,0,0,0,0,0,0,0,0,0,0,0,0,0,0,0,0,0,0,0,0,0,0,0,0,0,0,0,0,0,0,0,0,0,0,0,0,0,0,0,0,0,0,0,0,0,0,0,0,0,0,0,0,0,0,0,0,0,0,0,0,0,0,0,0,0,0,0,0,0,0,0,0,0,0,0,0,0,0,0,0,0,0,0,0,0,0,52,52,0,0,0,52,0,0,0,0,13,0,69,13,1392,841,0,0,0,841,0,0,0,0,100,255,1405,100,0,0,512,0,0,0,0,0,355,0,0,0,0,0
14.0000,17334,512,867,867,0,0,0,173400,867,0,0,0,0,0,0,0,0,0,355,0,0,0,0,0,0,0,0,0,0,0,0,0,0,0,0,355,0,0,0,0,0,512,0,0,0,0,0,0,0,0,0,0,0,0,0,0,0,0,0,0,0,0,0,0,0,0,0,0,0,0,0,173400,0,0,0,0,0,0,0,0,0,0,0,0,1231508,0,0,0,0,0,13,0,0,0,0,21,13,0,0,0,0,0,0,0,0,0,0,0,0,0,21,0,0,0,0,0,0,0,0,0,0,0,0,0,0,0,0,0,0,0,0,0,0,0,0,0,0,0,0,0,0,0,0,0,0,0,0,0,0,0,0,0,0,0,0,0,0,0,0,0,0,0,0,0,0,0,0,0,0,0,0,0,0,0,0,0,0,0,0,0,0,0,0,0,0,0,0,0,0,0,0,0,0,0,0,0,0,0,0,0,0,0,0,0,0,0,0,0,0,0,0,0,0,0,0,0,0,0,0,0,0,0,0,0,0,0,0,0,0,0,0,0,0,0,0,0,0,0,0,0,0,0,0,0,0,0,0,0,0,0,0,0,0,0,0,0,0,0,0,0,0,0,0,0,0,0,0,0,0,0,0,0,0,0,0,0,0,0,0,0,0,0,0,0,0,0,0,0,0,0,0,0,0,0,0,0,0,0,0,0,0,0,0,0,0,0,0,0,0,0,0,0,0,0,0,0,0,0,0,0,0,0,0,0,0,13,13,0,0,0,13,0,0,0,0,0,0,22,0,1418,867,0,0,0,867,0,0,0,0,100,255,1448,100,0,0,512,0,0,0,0,0,355,0,0,0,0,0
16.0000,20000,512,867,867,0,0,0,173400,867,0,0,0,0,0,0,0,0,0,355,0,0,0,0,0,0,0,0,0,0,0,0,0,0,0,0,355,0,0,0,0,0,512,0,0,0,0,0,0,0,0,0,0,0,0,0,0,0,0,0,0,0,0,0,0,0,0,0,0,0,0,0,173400,0,0,0,0,0,0,0,0,0,0,0,0,1231508,0,0,0,0,0,0,0,0,0,0,0,0,0,0,0,0,0,0,0,0,0,0,0,0,0,0,0,0,0,0,0,0,0,0,0,0,0,0,0,0,0,0,0,0,0,0,0,0,0,0,0,0,0,0,0,0,0,0,0,0,0,0,0,0,0,0,0,0,0,0,0,0,0,0,0,0,0,0,0,0,0,0,0,0,0,0,0,0,0,0,0,0,0,0,0,0,0,0,0,0,0,0,0,0,0,0,0,0,0,0,0,0,0,0,0,0,0,0,0,0,0,0,0,0,0,0,0,0,0,0,0,0,0,0,0,0,0,0,0,0,0,0,0,0,0,0,0,0,0,0,0,0,0,0,0,0,0,0,0,0,0,0,0,0,0,0,0,0,0,0,0,0,0,0,0,0,0,0,0,0,0,0,0,0,0,0,0,0,0,0,0,0,0,0,0,0,0,0,0,0,0,0,0,0,0,0,0,0,0,0,0,0,0,0,0,0,0,0,0,0,0,0,0,0,0,0,0,0,0,0,0,0,0,0,0,0,0,0,0,0,0,0,0,0,0,0,0,0,0,0,0,0,14,0,1418,867,0,0,0,867,0,0,0,0,100,255,1475,100,0,0,512,0,0,0,0,0,355,0,0,0,0,0
18.0000,20000,512,867,867,0,0,0,173400,867,0,0,0,0,0,0,0,0,0,355,0,0,0,0,0,0,0,0,0,0,0,0,0,0,0,0,355,0,0,0,0,0,512,0,0,0,0,0,0,0,0,0,0,0,0,0,0,0,0,0,0,0,0,0,0,0,0,0,0,0,0,0,173400,0,0,0,0,0,0,0,0,0,0,0,0,1231508,0,0,0,0,0,0,0,0,0,0,0,0,0,0,0,0,0,0,0,0,0,0,0,0,0,0,0,0,0,0,0,0,0,0,0,0,0,0,0,0,0,0,0,0,0,0,0,0,0,0,0,0,0,0,0,0,0,0,0,0,0,0,0,0,0,0,0,0,0,0,0,0,0,0,0,0,0,0,0,0,0,0,0,0,0,0,0,0,0,0,0,0,0,0,0,0,0,0,0,0,0,0,0,0,0,0,0,0,0,0,0,0,0,0,0,0,0,0,0,0,0,0,0,0,0,0,0,0,0,0,0,0,0,0,0,0,0,0,0,0,0,0,0,0,0,0,0,0,0,0,0,0,0,0,0,0,0,0,0,0,0,0,0,0,0,0,0,0,0,0,0,0,0,0,0,0,0,0,0,0,0,0,0,0,0,0,0,0,0,0,0,0,0,0,0,0,0,0,0,0,0,0,0,0,0,0,0,0,0,0,0,0,0,0,0,0,0,0,0,0,0,0,0,0,0,0,0,0,0,0,0,0,0,0,0,0,0,0,0,0,0,0,0,0,0,0,0,0,0,0,0,0,5,0,1418,867,0,0,0,867,0,0,0,0,100,255,1484,100,0,0,512,0,0,0,0,0,355,0,0,0,0,0
20.0000,20000,512,867,867,0,0,0,173400,867,0,0,0,0,0,0,0,0,0,355,0,0,0,0,0,0,0,0,0,0,0,0,0,0,0,0,355,0,0,0,0,0,512,0,0,0,0,0,0,0,0,0,0,0,0,0,0,0,0,0,0,0,0,0,0,0,0,0,0,0,0,0,173400,0,0,0,0,0,0,0,0,0,0,0,0,1231508,0,0,0,0,0,0,0,0,0,0,0,0,0,0,0,0,0,0,0,0,0,0,0,0,0,0,0,0,0,0,0,0,0,0,0,0,0,0,0,0,0,0,0,0,0,0,0,0,0,0,0,0,0,0,0,0,0,0,0,0,0,0,0,0,0,0,0,0,0,0,0,0,0,0,0,0,0,0,0,0,0,0,0,0,0,0,0,0,0,0,0,0,0,0,0,0,0,0,0,0,0,0,0,0,0,0,0,0,0,0,0,0,0,0,0,0,0,0,0,0,0,0,0,0,0,0,0,0,0,0,0,0,0,0,0,0,0,0,0,0,0,0,0,0,0,0,0,0,0,0,0,0,0,0,0,0,0,0,0,0,0,0,0,0,0,0,0,0,0,0,0,0,0,0,0,0,0,0,0,0,0,0,0,0,0,0,0,0,0,0,0,0,0,0,0,0,0,0,0,0,0,0,0,0,0,0,0,0,0,0,0,0,0,0,0,0,0,0,0,0,0,0,0,0,0,0,0,0,0,0,0,0,0,0,0,0,0,0,0,0,0,0,0,0,0,0,0,0,0,0,0,0,0,0,1418,867,0,0,0,867,0,0,0,0,100,255,1484,100,0,0,512,0,0,0,0,0,355,0,0,0,0,0
22.0000,20000,512,867,867,0,0,0,173400,867,0,0,0,0,0,0,0,0,0,355,0,0,0,0,0,0,0,0,0,0,0,0,0,0,0,0,355,0,0,0,0,0,512,0,0,0,0,0,0,0,0,0,0,0,0,0,0,0,0,0,0,0,0,0,0,0,0,0,0,0,0,0,173400,0,0,0,0,0,0,0,0,0,0,0,0,1231508,0,0,0,0,0,0,0,0,0,0,0,0,0,0,0,0,0,0,0,0,0,0,0,0,0,0,0,0,0,0,0,0,0,0,0,0,0,0,0,0,0,0,0,0,0,0,0,0,0,0,0,0,0,0,0,0,0,0,0,0,0,0,0,0,0,0,0,0,0,0,0,0,0,0,0,0,0,0,0,0,0,0,0,0,0,0,0,0,0,0,0,0,0,0,0,0,0,0,0,0,0,0,0,0,0,0,0,0,0,0,0,0,0,0,0,0,0,0,0,0,0,0,0,0,0,0,0,0,0,0,0,0,0,0,0,0,0,0,0,0,0,0,0,0,0,0,0,0,0,0,0,0,0,0,0,0,0,0,0,0,0,0,0,0,0,0,0,0,0,0,0,0,0,0,0,0,0,0,0,0,0,0,0,0,0,0,0,0,0,0,0,0,0,0,0,0,0,0,0,0,0,0,0,0,0,0,0,0,0,0,0,0,0,0,0,0,0,0,0,0,0,0,0,0,0,0,0,0,0,0,0,0,0,0,0,0,0,0,0,0,0,0,0,0,0,0,0,0,0,0,0,0,0,0,1418,867,0,0,0,867,0,0,0,0,100,255,1484,100,0,0,512,0,0,0,0,0,355,0,0,0,0,0
24.0000,20000,512,867,867,0,0,0,173400,867,0,0,0,0,0,0,0,0,0,355,0,0,0,0,0,0,0,0,0,0,0,0,0,0,0,0,355,0,0,0,0,0,512,0,0,0,0,0,0,0,0,0,0,0,0,0,0,0,0,0,0,0,0,0,0,0,0,0,0,0,0,0,173400,0,0,0,0,0,0,0,0,0,0,0,0,1231508,0,0,0,0,0,0,0,0,0,0,0,0,0,0,0,0,0,0,0,0,0,0,0,0,0,0,0,0,0,0,0,0,0,0,0,0,0,0,0,0,0,0,0,0,0,0,0,0,0,0,0,0,0,0,0,0,0,0,0,0,0,0,0,0,0,0,0,0,0,0,0,0,0,0,0,0,0,0,0,0,0,0,0,0,0,0,0,0,0,0,0,0,0,0,0,0,0,0,0,0,0,0,0,0,0,0,0,0,0,0,0,0,0,0,0,0,0,0,0,0,0,0,0,0,0,0,0,0,0,0,0,0,0,0,0,0,0,0,0,0,0,0,0,0,0,0,0,0,0,0,0,0,0,0,0,0,0,0,0,0,0,0,0,0,0,0,0,0,0,0,0,0,0,0,0,0,0,0,0,0,0,0,0,0,0,0,0,0,0,0,0,0,0,0,0,0,0,0,0,0,0,0,0,0,0,0,0,0,0,0,0,0,0,0,0,0,0,0,0,0,0,0,0,0,0,0,0,0,0,0,0,0,0,0,0,0,0,0,0,0,0,0,0,0,0,0,0,0,0,0,0,0,0,0,1418,867,0,0,0,867,0,0,0,0,100,255,1484,100,0,0,512,0,0,0,0,0,355,0,0,0,0,0
26.0000,20000,512,867,867,0,0,0,173400,867,0,0,0,0,0,0,0,0,0,355,0,0,0,0,0,0,0,0,0,0,0,0,0,0,0,0,355,0,0,0,0,0,512,0,0,0,0,0,0,0,0,0,0,0,0,0,0,0,0,0,0,0,0,0,0,0,0,0,0,0,0,0,173400,0,0,0,0,0,0,0,0,0,0,0,0,1231508,0,0,0,0,0,0,0,0,0,0,0,0,0,0,0,0,0,0,0,0,0,0,0,0,0,0,0,0,0,0,0,0,0,0,0,0,0,0,0,0,0,0,0,0,0,0,0,0,0,0,0,0,0,0,0,0,0,0,0,0,0,0,0,0,0,0,0,0,0,0,0,0,0,0,0,0,0,0,0,0,0,0,0,0,0,0,0,0,0,0,0,0,0,0,0,0,0,0,0,0,0,0,0,0,0,0,0,0,0,0,0,0,0,0,0,0,0,0,0,0,0,0,0,0,0,0,0,0,0,0,0,0,0,0,0,0,0,0,0,0,0,0,0,0,0,0,0,0,0,0,0,0,0,0,0,0,0,0,0,0,0,0,0,0,0,0,0,0,0,0,0,0,0,0,0,0,0,0,0,0,0,0,0,0,0,0,0,0,0,0,0,0,0,0,0,0,0,0,0,0,0,0,0,0,0,0,0,0,0,0,0,0,0,0,0,0,0,0,0,0,0,0,0,0,0,0,0,0,0,0,0,0,0,0,0,0,0,0,0,0,0,0,0,0,0,0,0,0,0,0,0,0,0,0,1418,867,0,0,0,867,0,0,0,0,100,255,1484,100,0,0,512,0,0,0,0,0,355,0,0,0,0,0
28.0000,20000,512,867,867,0,0,0,173400,867,0,0,0,0,0,0,0,0,0,355,0,0,0,0,0,0,0,0,0,0,0,0,0,0,0,0,355,0,0,0,0,0,512,0,0,0,0,0,0,0,0,0,0,0,0,0,0,0,0,0,0,0,0,0,0,0,0,0,0,0,0,0,173400,0,0,0,0,0,0,0,0,0,0,0,0,1231508,0,0,0,0,0,0,0,0,0,0,0,0,0,0,0,0,0,0,0,0,0,0,0,0,0,0,0,0,0,0,0,0,0,0,0,0,0,0,0,0,0,0,0,0,0,0,0,0,0,0,0,0,0,0,0,0,0,0,0,0,0,0,0,0,0,0,0,0,0,0,0,0,0,0,0,0,0,0,0,0,0,0,0,0,0,0,0,0,0,0,0,0,0,0,0,0,0,0,0,0,0,0,0,0,0,0,0,0,0,0,0,0,0,0,0,0,0,0,0,0,0,0,0,0,0,0,0,0,0,0,0,0,0,0,0,0,0,0,0,0,0,0,0,0,0,0,0,0,0,0,0,0,0,0,0,0,0,0,0,0,0,0,0,0,0,0,0,0,0,0,0,0,0,0,0,0,0,0,0,0,0,0,0,0,0,0,0,0,0,0,0,0,0,0,0,0,0,0,0,0,0,0,0,0,0,0,0,0,0,0,0,0,0,0,0,0,0,0,0,0,0,0,0,0,0,0,0,0,0,0,0,0,0,0,0,0,0,0,0,0,0,0,0,0,0,0,0,0,0,0,0,0,0,0,1418,867,0,0,0,867,0,0,0,0,100,255,1484,100,0,0,512,0,0,0,0,0,355,0,0,0,0,0
30.0000,20000,512,867,867,0,0,0,173400,867,0,0,0,0,0,0,0,0,0,355,0,0,0,0,0,0,0,0,0,0,0,0,0,0,0,0,355,0,0,0,0,0,512,0,0,0,0,0,0,0,0,0,0,0,0,0,0,0,0,0,0,0,0,0,0,0,0,0,0,0,0,0,173400,0,0,0,0,0,0,0,0,0,0,0,0,1231508,0,0,0,0,0,0,0,0,0,0,0,0,0,0,0,0,0,0,0,0,0,0,0,0,0,0,0,0,0,0,0,0,0,0,0,0,0,0,0,0,0,0,0,0,0,0,0,0,0,0,0,0,0,0,0,0,0,0,0,0,0,0,0,0,0,0,0,0,0,0,0,0,0,0,0,0,0,0,0,0,0,0,0,0,0,0,0,0,0,0,0,0,0,0,0,0,0,0,0,0,0,0,0,0,0,0,0,0,0,0,0,0,0,0,0,0,0,0,0,0,0,0,0,0,0,0,0,0,0,0,0,0,0,0,0,0,0,0,0,0,0,0,0,0,0,0,0,0,0,0,0,0,0,0,0,0,0,0,0,0,0,0,0,0,0,0,0,0,0,0,0,0,0,0,0,0,0,0,0,0,0,0,0,0,0,0,0,0,0,0,0,0,0,0,0,0,0,0,0,0,0,0,0,0,0,0,0,0,0,0,0,0,0,0,0,0,0,0,0,0,0,0,0,0,0,0,0,0,0,0,0,0,0,0,0,0,0,0,0,0,0,0,0,0,0,0,0,0,0,0,0,0,0,0,1418,867,0,0,0,867,0,0,0,0,100,255,1484,100,0,0,512,0,0,0,0,0,355,0,0,0,0,0
32.0000,20000,512,867,867,0,0,0,173400,867,0,0,0,0,0,0,0,0,0,355,0,0,0,0,0,0,0,0,0,0,0,0,0,0,0,0,355,0,0,0,0,0,512,0,0,0,0,0,0,0,0,0,0,0,0,0,0,0,0,0,0,0,0,0,0,0,0,0,0,0,0,0,173400,0,0,0,0,0,0,0,0,0,0,0,0,1231508,0,0,0,0,0,0,0,0,0,0,0,0,0,0,0,0,0,0,0,0,0,0,0,0,0,0,0,0,0,0,0,0,0,0,0,0,0,0,0,0,0,0,0,0,0,0,0,0,0,0,0,0,0,0,0,0,0,0,0,0,0,0,0,0,0,0,0,0,0,0,0,0,0,0,0,0,0,0,0,0,0,0,0,0,0,0,0,0,0,0,0,0,0,0,0,0,0,0,0,0,0,0,0,0,0,0,0,0,0,0,0,0,0,0,0,0,0,0,0,0,0,0,0,0,0,0,0,0,0,0,0,0,0,0,0,0,0,0,0,0,0,0,0,0,0,0,0,0,0,0,0,0,0,0,0,0,0,0,0,0,0,0,0,0,0,0,0,0,0,0,0,0,0,0,0,0,0,0,0,0,0,0,0,0,0,0,0,0,0,0,0,0,0,0,0,0,0,0,0,0,0,0,0,0,0,0,0,0,0,0,0,0,0,0,0,0,0,0,0,0,0,0,0,0,0,0,0,0,0,0,0,0,0,0,0,0,0,0,0,0,0,0,0,0,0,0,0,0,0,0,0,0,0,0,1418,867,0,0,0,867,0,0,0,0,100,255,1484,100,0,0,512,0,0,0,0,0,355,0,0,0,0,0
34.0000,20000,512,867,867,0,0,0,173400,867,0,0,0,0,0,0,0,0,0,355,0,0,0,0,0,0,0,0,0,0,0,0,0,0,0,0,355,0,0,0,0,0,512,0,0,0,0,0,0,0,0,0,0,0,0,0,0,0,0,0,0,0,0,0,0,0,0,0,0,0,0,0,173400,0,0,0,0,0,0,0,0,0,0,0,0,1231508,0,0,0,0,0,0,0,0,0,0,0,0,0,0,0,0,0,0,0,0,0,0,0,0,0,0,0,0,0,0,0,0,0,0,0,0,0,0,0,0,0,0,0,0,0,0,0,0,0,0,0,0,0,0,0,0,0,0,0,0,0,0,0,0,0,0,0,0,0,0,0,0,0,0,0,0,0,0,0,0,0,0,0,0,0,0,0,0,0,0,0,0,0,0,0,0,0,0,0,0,0,0,0,0,0,0,0,0,0,0,0,0,0,0,0,0,0,0,0,0,0,0,0,0,0,0,0,0,0,0,0,0,0,0,0,0,0,0,0,0,0,0,0,0,0,0,0,0,0,0,0,0,0,0,0,0,0,0,0,0,0,0,0,0,0,0,0,0,0,0,0,0,0,0,0,0,0,0,0,0,0,0,0,0,0,0,0,0,0,0,0,0,0,0,0,0,0,0,0,0,0,0,0,0,0,0,0,0,0,0,0,0,0,0,0,0,0,0,0,0,0,0,0,0,0,0,0,0,0,0,0,0,0,0,0,0,0,0,0,0,0,0,0,0,0,0,0,0,0,0,0,0,0,0,1418,867,0,0,0,867,0,0,0,0,100,255,1484,100,0,0,512,0,0,0,0,0,355,0,0,0,0,0
36.0000,20000,512,867,867,0,0,0,173400,867,0,0,0,0,0,0,0,0,0,355,0,0,0,0,0,0,0,0,0,0,0,0,0,0,0,0,355,0,0,0,0,0,512,0,0,0,0,0,0,0,0,0,0,0,0,0,0,0,0,0,0,0,0,0,0,0,0,0,0,0,0,0,173400,0,0,0,0,0,0,0,0,0,0,0,0,1231508,0,0,0,0,0,0,0,0,0,0,0,0,0,0,0,0,0,0,0,0,0,0,0,0,0,0,0,0,0,0,0,0,0,0,0,0,0,0,0,0,0,0,0,0,0,0,0,0,0,0,0,0,0,0,0,0,0,0,0,0,0,0,0,0,0,0,0,0,0,0,0,0,0,0,0,0,0,0,0,0,0,0,0,0,0,0,0,0,0,0,0,0,0,0,0,0,0,0,0,0,0,0,0,0,0,0,0,0,0,0,0,0,0,0,0,0,0,0,0,0,0,0,0,0,0,0,0,0,0,0,0,0,0,0,0,0,0,0,0,0,0,0,0,0,0,0,0,0,0,0,0,0,0,0,0,0,0,0,0,0,0,0,0,0,0,0,0,0,0,0,0,0,0,0,0,0,0,0,0,0,0,0,0,0,0,0,0,0,0,0,0,0,0,0,0,0,0,0,0,0,0,0,0,0,0,0,0,0,0,0,0,0,0,0,0,0,0,0,0,0,0,0,0,0,0,0,0,0,0,0,0,0,0,0,0,0,0,0,0,0,0,0,0,0,0,0,0,0,0,0,0,0,0,0,1418,867,0,0,0,867,0,0,0,0,100,255,1484,100,0,0,512,0,0,0,0,0,355,0,0,0,0,0
38.0000,20000,512,867,867,0,0,0,173400,867,0,0,0,0,0,0,0,0,0,355,0,0,0,0,0,0,0,0,0,0,0,0,0,0,0,0,355,0,0,0,0,0,512,0,0,0,0,0,0,0,0,0,0,0,0,0,0,0,0,0,0,0,0,0,0,0,0,0,0,0,0,0,173400,0,0,0,0,0,0,0,0,0,0,0,0,1231508,0,0,0,0,0,0,0,0,0,0,0,0,0,0,0,0,0,0,0,0,0,0,0,0,0,0,0,0,0,0,0,0,0,0,0,0,0,0,0,0,0,0,0,0,0,0,0,0,0,0,0,0,0,0,0,0,0,0,0,0,0,0,0,0,0,0,0,0,0,0,0,0,0,0,0,0,0,0,0,0,0,0,0,0,0,0,0,0,0,0,0,0,0,0,0,0,0,0,0,0,0,0,0,0,0,0,0,0,0,0,0,0,0,0,0,0,0,0,0,0,0,0,0,0,0,0,0,0,0,0,0,0,0,0,0,0,0,0,0,0,0,0,0,0,0,0,0,0,0,0,0,0,0,0,0,0,0,0,0,0,0,0,0,0,0,0,0,0,0,0,0,0,0,0,0,0,0,0,0,0,0,0,0,0,0,0,0,0,0,0,0,0,0,0,0,0,0,0,0,0,0,0,0,0,0,0,0,0,0,0,0,0,0,0,0,0,0,0,0,0,0,0,0,0,0,0,0,0,0,0,0,0,0,0,0,0,0,0,0,0,0,0,0,0,0,0,0,0,0,0,0,0,0,0,1418,867,0,0,0,867,0,0,0,0,100,255,1484,100,0,0,512,0,0,0,0,0,355,0,0,0,0,0
40.0000,20000,512,867,867,0,0,0,173400,867,0,0,0,0,0,0,0,0,0,355,0,0,0,0,0,0,0,0,0,0,0,0,0,0,0,0,355,0,0,0,0,0,512,0,0,0,0,0,0,0,0,0,0,0,0,0,0,0,0,0,0,0,0,0,0,0,0,0,0,0,0,0,173400,0,0,0,0,0,0,0,0,0,0,0,0,1231508,0,0,0,0,0,0,0,0,0,0,0,0,0,0,0,0,0,0,0,0,0,0,0,0,0,0,0,0,0,0,0,0,0,0,0,0,0,0,0,0,0,0,0,0,0,0,0,0,0,0,0,0,0,0,0,0,0,0,0,0,0,0,0,0,0,0,0,0,0,0,0,0,0,0,0,0,0,0,0,0,0,0,0,0,0,0,0,0,0,0,0,0,0,0,0,0,0,0,0,0,0,0,0,0,0,0,0,0,0,0,0,0,0,0,0,0,0,0,0,0,0,0,0,0,0,0,0,0,0,0,0,0,0,0,0,0,0,0,0,0,0,0,0,0,0,0,0,0,0,0,0,0,0,0,0,0,0,0,0,0,0,0,0,0,0,0,0,0,0,0,0,0,0,0,0,0,0,0,0,0,0,0,0,0,0,0,0,0,0,0,0,0,0,0,0,0,0,0,0,0,0,0,0,0,0,0,0,0,0,0,0,0,0,0,0,0,0,0,0,0,0,0,0,0,0,0,0,0,0,0,0,0,0,0,0,0,0,0,0,0,0,0,0,0,0,0,0,0,0,0,0,0,0,0,1418,867,0,0,0,867,0,0,0,0,100,255,1484,100,0,0,512,0,0,0,0,0,355,0,0,0,0,0
42.0000,20000,512,867,867,0,0,0,173400,867,0,0,0,0,0,0,0,0,0,355,0,0,0,0,0,0,0,0,0,0,0,0,0,0,0,0,355,0,0,0,0,0,512,0,0,0,0,0,0,0,0,0,0,0,0,0,0,0,0,0,0,0,0,0,0,0,0,0,0,0,0,0,173400,0,0,0,0,0,0,0,0,0,0,0,0,1231508,0,0,0,0,0,0,0,0,0,0,0,0,0,0,0,0,0,0,0,0,0,0,0,0,0,0,0,0,0,0,0,0,0,0,0,0,0,0,0,0,0,0,0,0,0,0,0,0,0,0,0,0,0,0,0,0,0,0,0,0,0,0,0,0,0,0,0,0,0,0,0,0,0,0,0,0,0,0,0,0,0,0,0,0,0,0,0,0,0,0,0,0,0,0,0,0,0,0,0,0,0,0,0,0,0,0,0,0,0,0,0,0,0,0,0,0,0,0,0,0,0,0,0,0,0,0,0,0,0,0,0,0,0,0,0,0,0,0,0,0,0,0,0,0,0,0,0,0,0,0,0,0,0,0,0,0,0,0,0,0,0,0,0,0,0,0,0,0,0,0,0,0,0,0,0,0,0,0,0,0,0,0,0,0,0,0,0,0,0,0,0,0,0,0,0,0,0,0,0,0,0,0,0,0,0,0,0,0,0,0,0,0,0,0,0,0,0,0,0,0,0,0,0,0,0,0,0,0,0,0,0,0,0,0,0,0,0,0,0,0,0,0,0,0,0,0,0,0,0,0,0,0,0,0,1418,867,0,0,0,867,0,0,0,0,100,255,1484,100,0,0,512,0,0,0,0,0,355,0,0,0,0,0
44.0000,20000,512,867,867,0,0,0,173400,867,0,0,0,0,0,0,0,0,0,355,0,0,0,0,0,0,0,0,0,0,0,0,0,0,0,0,355,0,0,0,0,0,512,0,0,0,0,0,0,0,0,0,0,0,0,0,0,0,0,0,0,0,0,0,0,0,0,0,0,0,0,0,173400,0,0,0,0,0,0,0,0,0,0,0,0,1231508,0,0,0,0,0,0,0,0,0,0,0,0,0,0,0,0,0,0,0,0,0,0,0,0,0,0,0,0,0,0,0,0,0,0,0,0,0,0,0,0,0,0,0,0,0,0,0,0,0,0,0,0,0,0,0,0,0,0,0,0,0,0,0,0,0,0,0,0,0,0,0,0,0,0,0,0,0,0,0,0,0,0,0,0,0,0,0,0,0,0,0,0,0,0,0,0,0,0,0,0,0,0,0,0,0,0,0,0,0,0,0,0,0,0,0,0,0,0,0,0,0,0,0,0,0,0,0,0,0,0,0,0,0,0,0,0,0,0,0,0,0,0,0,0,0,0,0,0,0,0,0,0,0,0,0,0,0,0,0,0,0,0,0,0,0,0,0,0,0,0,0,0,0,0,0,0,0,0,0,0,0,0,0,0,0,0,0,0,0,0,0,0,0,0,0,0,0,0,0,0,0,0,0,0,0,0,0,0,0,0,0,0,0,0,0,0,0,0,0,0,0,0,0,0,0,0,0,0,0,0,0,0,0,0,0,0,0,0,0,0,0,0,0,0,0,0,0,0,0,0,0,0,0,0,1418,867,0,0,0,867,0,0,0,0,100,255,1484,100,0,0,512,0,0,0,0,0,355,0,0,0,0,0
46.0000,20000,512,867,867,0,0,0,173400,867,0,0,0,0,0,0,0,0,0,355,0,0,0,0,0,0,0,0,0,0,0,0,0,0,0,0,355,0,0,0,0,0,512,0,0,0,0,0,0,0,0,0,0,0,0,0,0,0,0,0,0,0,0,0,0,0,0,0,0,0,0,0,173400,0,0,0,0,0,0,0,0,0,0,0,0,1231508,0,0,0,0,0,0,0,0,0,0,0,0,0,0,0,0,0,0,0,0,0,0,0,0,0,0,0,0,0,0,0,0,0,0,0,0,0,0,0,0,0,0,0,0,0,0,0,0,0,0,0,0,0,0,0,0,0,0,0,0,0,0,0,0,0,0,0,0,0,0,0,0,0,0,0,0,0,0,0,0,0,0,0,0,0,0,0,0,0,0,0,0,0,0,0,0,0,0,0,0,0,0,0,0,0,0,0,0,0,0,0,0,0,0,0,0,0,0,0,0,0,0,0,0,0,0,0,0,0,0,0,0,0,0,0,0,0,0,0,0,0,0,0,0,0,0,0,0,0,0,0,0,0,0,0,0,0,0,0,0,0,0,0,0,0,0,0,0,0,0,0,0,0,0,0,0,0,0,0,0,0,0,0,0,0,0,0,0,0,0,0,0,0,0,0,0,0,0,0,0,0,0,0,0,0,0,0,0,0,0,0,0,0,0,0,0,0,0,0,0,0,0,0,0,0,0,0,0,0,0,0,0,0,0,0,0,0,0,0,0,0,0,0,0,0,0,0,0,0,0,0,0,0,0,1418,867,0,0,0,867,0,0,0,0,100,255,1484,100,0,0,512,0,0,0,0,0,355,0,0,0,0,0
48.0000,16172,512,867,867,0,0,0,173400,867,0,0,0,0,0,0,0,0,0,355,0,0,0,0,0,0,0,0,0,0,0,0,0,0,0,0,355,0,0,0,0,0,512,0,0,0,0,0,0,0,0,0,0,0,0,0,0,0,0,0,0,0,0,0,0,0,0,0,0,0,0,0,173400,0,0,0,0,0,0,0,0,0,0,0,0,1231508,0,0,0,0,0,0,0,0,0,0,0,0,0,0,0,0,0,0,0,0,0,0,0,0,0,0,0,0,0,0,0,0,0,0,0,0,0,0,0,0,0,0,0,0,0,0,0,0,0,0,0,0,0,0,0,0,0,0,0,0,0,0,0,0,0,0,0,0,0,0,0,0,0,0,0,0,0,0,0,0,0,0,0,0,0,0,0,0,0,0,0,0,0,0,0,0,0,0,0,0,0,0,0,0,0,0,0,0,0,0,0,0,0,0,0,0,0,0,0,0,0,0,0,0,0,0,0,0,0,0,0,0,0,0,0,0,0,0,0,0,0,0,0,0,0,0,0,0,0,0,0,0,0,0,0,0,0,0,0,0,0,0,0,0,0,0,0,0,0,0,0,0,0,0,0,0,0,0,0,0,0,0,0,0,0,0,0,0,0,0,0,0,0,0,0,0,0,0,0,0,0,0,0,0,0,0,0,0,0,0,0,0,0,0,0,0,0,0,0,0,0,0,0,0,0,0,0,0,0,0,0,0,0,0,0,0,0,0,0,0,0,0,0,0,0,0,0,0,0,0,0,0,0,0,1418,867,0,0,0,867,0,0,0,0,100,255,1484,100,0,0,512,0,0,0,0,0,355,0,0,0,0,0
50.0000,12172,512,867,867,0,0,0,173400,867,0,0,0,0,0,0,0,0,0,355,0,0,0,0,0,0,0,0,0,0,0,0,0,0,0,0,355,0,0,0,0,0,512,0,0,0,0,0,0,0,0,0,0,0,0,0,0,0,0,0,0,0,0,0,0,0,0,0,0,0,0,0,173400,0,0,0,0,0,0,0,0,0,0,0,0,1231508,0,0,0,0,0,0,0,0,0,0,0,0,0,0,0,0,0,0,0,0,0,0,0,0,0,0,0,0,0,0,0,0,0,0,0,0,0,0,0,0,0,0,0,0,0,0,0,0,0,0,0,0,0,0,0,0,0,0,0,0,0,0,0,0,0,0,0,0,0,0,0,0,0,0,0,0,0,0,0,0,0,0,0,0,0,0,0,0,0,0,0,0,0,0,0,0,0,0,0,0,0,0,0,0,0,0,0,0,0,0,0,0,0,0,0,0,0,0,0,0,0,0,0,0,0,0,0,0,0,0,0,0,0,0,0,0,0,0,0,0,0,0,0,0,0,0,0,0,0,0,0,0,0,0,0,0,0,0,0,0,0,0,0,0,0,0,0,0,0,0,0,0,0,0,0,0,0,0,0,0,0,0,0,0,0,0,0,0,0,0,0,0,0,0,0,0,0,0,0,0,0,0,0,0,0,0,0,0,0,0,0,0,0,0,0,0,0,0,0,0,0,0,0,0,0,0,0,0,0,0,0,0,0,0,0,0,0,0,0,0,0,0,0,0,0,0,0,0,0,0,0,0,0,0,1418,867,0,0,0,867,0,0,0,0,100,255,1484,100,0,0,512,0,0,0,0,0,355,0,0,0,0,0
52.0000,8172,512,867,867,0,0,0,173400,867,0,0,0,0,0,0,0,0,0,355,0,0,0,0,0,0,0,0,0,0,0,0,0,0,0,0,355,0,0,0,0,0,512,0,0,0,0,0,0,0,0,0,0,0,0,0,0,0,0,0,0,0,0,0,0,0,0,0,0,0,0,0,173400,0,0,0,0,0,0,0,0,0,0,0,0,1231508,0,0,0,0,0,0,0,0,0,0,0,0,0,0,0,0,0,0,0,0,0,0,0,0,0,0,0,0,0,0,0,0,0,0,0,0,0,0,0,0,0,0,0,0,0,0,0,0,0,0,0,0,0,0,0,0,0,0,0,0,0,0,0,0,0,0,0,0,0,0,0,0,0,0,0,0,0,0,0,0,0,0,0,0,0,0,0,0,0,0,0,0,0,0,0,0,0,0,0,0,0,0,0,0,0,0,0,0,0,0,0,0,0,0,0,0,0,0,0,0,0,0,0,0,0,0,0,0,0,0,0,0,0,0,0,0,0,0,0,0,0,0,0,0,0,0,0,0,0,0,0,0,0,0,0,0,0,0,0,0,0,0,0,0,0,0,0,0,0,0,0,0,0,0,0,0,0,0,0,0,0,0,0,0,0,0,0,0,0,0,0,0,0,0,0,0,0,0,0,0,0,0,0,0,0,0,0,0,0,0,0,0,0,0,0,0,0,0,0,0,0,0,0,0,0,0,0,0,0,0,0,0,0,0,0,0,0,0,0,0,0,0,0,0,0,0,0,0,0,0,0,0,0,0,1418,867,0,0,0,867,0,0,0,0,100,255,1484,100,0,0,512,0,0,0,0,0,355,0,0,0,0,0
54.0000,4172,512,867,867,0,0,0,173400,867,0,0,0,0,0,0,0,0,0,355,0,0,0,0,0,0,0,0,0,0,0,0,0,0,0,0,355,0,0,0,0,0,512,0,0,0,0,0,0,0,0,0,0,0,0,0,0,0,0,0,0,0,0,0,0,0,0,0,0,0,0,0,173400,0,0,0,0,0,0,0,0,0,0,0,0,1231508,0,0,0,0,0,0,0,0,0,0,0,0,0,0,0,0,0,0,0,0,0,0,0,0,0,0,0,0,0,0,0,0,0,0,0,0,0,0,0,0,0,0,0,0,0,0,0,0,0,0,0,0,0,0,0,0,0,0,0,0,0,0,0,0,0,0,0,0,0,0,0,0,0,0,0,0,0,0,0,0,0,0,0,0,0,0,0,0,0,0,0,0,0,0,0,0,0,0,0,0,0,0,0,0,0,0,0,0,0,0,0,0,0,0,0,0,0,0,0,0,0,0,0,0,0,0,0,0,0,0,0,0,0,0,0,0,0,0,0,0,0,0,0,0,0,0,0,0,0,0,0,0,0,0,0,0,0,0,0,0,0,0,0,0,0,0,0,0,0,0,0,0,0,0,0,0,0,0,0,0,0,0,0,0,0,0,0,0,0,0,0,0,0,0,0,0,0,0,0,0,0,0,0,0,0,0,0,0,0,0,0,0,0,0,0,0,0,0,0,0,0,0,0,0,0,0,0,0,0,0,0,0,0,0,0,0,0,0,0,0,0,0,0,0,0,0,0,0,0,0,0,0,0,0,1418,867,0,0,0,867,0,0,0,0,100,255,1484,100,0,0,512,0,0,0,0,0,355,0,0,0,0,0
56.0000,172,512,867,867,0,0,0,173400,867,0,0,0,0,0,0,0,0,0,355,0,0,0,0,0,0,0,0,0,0,0,0,0,0,0,0,355,0,0,0,0,0,512,0,0,0,0,0,0,0,0,0,0,0,0,0,0,0,0,0,0,0,0,0,0,0,0,0,0,0,0,0,173400,0,0,0,0,0,0,0,0,0,0,0,0,1231508,0,0,0,0,0,0,0,0,0,0,0,0,0,0,0,0,0,0,0,0,0,0,0,0,0,0,0,0,0,0,0,0,0,0,0,0,0,0,0,0,0,0,0,0,0,0,0,0,0,0,0,0,0,0,0,0,0,0,0,0,0,0,0,0,0,0,0,0,0,0,0,0,0,0,0,0,0,0,0,0,0,0,0,0,0,0,0,0,0,0,0,0,0,0,0,0,0,0,0,0,0,0,0,0,0,0,0,0,0,0,0,0,0,0,0,0,0,0,0,0,0,0,0,0,0,0,0,0,0,0,0,0,0,0,0,0,0,0,0,0,0,0,0,0,0,0,0,0,0,0,0,0,0,0,0,0,0,0,0,0,0,0,0,0,0,0,0,0,0,0,0,0,0,0,0,0,0,0,0,0,0,0,0,0,0,0,0,0,0,0,0,0,0,0,0,0,0,0,0,0,0,0,0,0,0,0,0,0,0,0,0,0,0,0,0,0,0,0,0,0,0,0,0,0,0,0,0,0,0,0,0,0,0,0,0,0,0,0,0,0,0,0,0,0,0,0,0,0,0,0,0,0,0,0,1418,867,0,0,0,867,0,0,0,0,100,255,1484,100,0,0,512,0,0,0,0,0,355,0,0,0,0,0
58.0000,0,129,867,867,0,0,0,173400,867,0,0,0,0,0,0,0,0,0,738,0,0,0,0,0,0,0,0,0,0,0,0,0,0,0,0,738,0,0,0,0,0,129,0,0,0,0,0,0,0,0,0,0,0,0,0,0,0,0,0,0,0,0,0,0,0,0,0,0,0,0,0,173400,0,0,0,0,0,0,0,0,0,0,0,0,1231508,0,0,0,0,0,0,0,0,0,0,0,0,0,0,0,0,0,192,0,0,0,0,0,0,0,0,0,0,0,0,0,0,0,0,0,0,0,0,0,0,0,0,0,0,0,0,0,0,0,0,0,0,0,0,0,0,0,0,0,0,0,0,0,0,0,0,0,0,0,0,0,0,0,0,0,0,0,0,0,0,0,0,0,0,0,0,0,0,0,0,0,0,0,0,0,0,0,0,0,0,0,0,0,0,0,0,0,0,0,0,0,0,0,0,0,0,0,0,0,0,0,0,0,0,0,0,0,0,0,0,0,0,0,0,0,0,0,0,0,0,0,0,0,0,0,0,0,0,0,0,0,0,0,0,0,0,0,0,0,0,0,0,0,0,0,0,0,0,0,0,0,0,0,0,0,0,0,0,0,0,0,0,0,0,0,0,0,0,0,0,0,0,0,0,0,0,0,0,0,0,0,0,0,0,0,0,0,0,0,0,0,0,0,0,0,0,0,0,0,0,0,0,0,0,0,0,0,0,0,0,0,0,0,0,0,0,0,0,0,0,0,0,0,0,0,0,0,0,0,0,193,0,0,0,1418,867,0,0,0,867,0,0,0,0,485,255,1484,100,0,0,0,0,0,0,0,0,867,0,0,0,0,0
60.0000,0,0,867,867,0,0,0,173400,867,0,0,0,0,0,0,0,0,0,867,0,0,0,0,0,0,0,0,0,0,0,0,0,0,0,0,867,0,0,0,0,0,0,0,0,0,0,0,0,0,0,0,0,0,0,0,0,0,0,0,0,0,0,0,0,0,0,0,0,0,0,0,173400,0,0,0,0,0,0,0,0,0,0,0,0,0,0,0,0,0,0,0,0,0,0,0,0,0,0,0,0,0,0,65,0,0,0,0,0,0,0,0,0,0,0,0,0,0,0,0,0,0,0,0,0,0,0,0,0,0,0,0,0,0,0,0,0,0,0,0,0,0,0,0,0,0,0,0,0,0,0,0,0,0,0,0,0,0,0,0,0,0,0,0,0,0,0,0,0,0,0,0,0,0,0,0,0,0,0,0,0,0,0,0,0,0,0,0,0,0,0,0,0,0,0,0,0,0,0,0,0,0,0,0,0,0,0,0,0,0,0,0,0,0,0,0,0,0,0,0,0,0,0,0,0,0,0,0,0,0,0,0,0,0,0,0,0,0,0,0,0,0,0,0,0,0,0,0,0,0,0,0,0,0,0,0,0,0,0,0,0,0,0,0,0,0,0,0,0,0,0,0,0,0,0,0,0,0,0,0,0,0,0,0,0,0,0,0,0,0,0,0,0,0,0,0,0,0,0,0,0,0,0,0,0,0,0,0,0,0,0,0,0,0,0,0,0,0,0,0,0,0,0,0,0,0,0,0,0,0,0,0,0,0,0,0,64,0,0,0,1418,867,0,0,0,867,0,0,0,0,612,255,1484,100,0,0,0,0,0,0,0,0,867,0,0,0,0,0
62.0000,0,0,867,867,0,0,0,173400,867,0,0,0,0,0,0,0,0,0,867,0,0,0,0,0,0,0,0,0,0,0,0,0,0,0,0,867,0,0,0,0,0,0,0,0,0,0,0,0,0,0,0,0,0,0,0,0,0,0,0,0,0,0,0,0,0,0,0,0,0,0,0,173400,0,0,0,0,0,0,0,0,0,0,0,0,0,0,0,0,0,0,0,0,0,0,0,0,0,0,0,0,0,0,0,0,0,0,0,0,0,0,0,0,0,0,0,0,0,0,0,0,0,0,0,0,0,0,0,0,0,0,0,0,0,0,0,0,0,0,0,0,0,0,0,0,0,0,0,0,0,0,0,0,0,0,0,0,0,0,0,0,0,0,0,0,0,0,0,0,0,0,0,0,0,0,0,0,0,0,0,0,0,0,0,0,0,0,0,0,0,0,0,0,0,0,0,0,0,0,0,0,0,0,0,0,0,0,0,0,0,0,0,0,0,0,0,0,0,0,0,0,0,0,0,0,0,0,0,0,0,0,0,0,0,0,0,0,0,0,0,0,0,0,0,0,0,0,0,0,0,0,0,0,0,0,0,0,0,0,0,0,0,0,0,0,0,0,0,0,0,0,0,0,0,0,0,0,0,0,0,0,0,0,0,0,0,0,0,0,0,0,0,0,0,0,0,0,0,0,0,0,0,0,0,0,0,0,0,0,0,0,0,0,0,0,0,0,0,0,0,0,0,0,0,0,0,0,0,0,0,0,0,0,0,0,0,0,0,0,0,1418,867,0,0,0,867,0,0,0,0,612,255,1484,100,0,0,0,0,0,0,0,0,867,0,0,0,0,0
